page,event,n_word,theme
2,1834 MS Hunt,13,1834 MS Hunt
3,1834 MS Hunt,13,1834 MS Hunt
6,1817 - 1820 Tidewater,26,1817 - 1820 Tidewater
7,1817 - 1820 Tidewater,26,1817 - 1820 Tidewater
8,1817 - 1820 Tidewater,26,1817 - 1820 Tidewater
9,1817 - 1820 Tidewater,26,1817 - 1820 Tidewater
10,1817 - 1820 Tidewater,26,1817 - 1820 Tidewater
11,1818 Tidewater Door,12,1818 Tidewater Door
12,1818 Tidewater Door,12,1818 Tidewater Door
13,1818 Tidewater Door,12,1818 Tidewater Door
14,1818 Tidewater Door After,8,1818 Tidewater Door After
15,1818 Tidewater Door After,8,1818 Tidewater Door After
16,1834 MS Hunt,3,1834 MS Hunt
17,1834 MS Hunt,3,1834 MS Hunt
19,1834 MS Hunt,9,1834 MS Hunt
20,1834 MS Hunt,9,1834 MS Hunt
21,1834 MS Hunt,9,1834 MS Hunt
22,1834 MS Hunt,9,1834 MS Hunt
23,1823 - 1831 Haiti,1,1823 - 1831 Haiti
24,1823 - 1831 Haiti,1,1823 - 1831 Haiti
25,1823 - 1831 Haiti,1,1823 - 1831 Haiti
26,1834 MS Hunt,1,1834 MS Hunt
27,1831 -1832 Sutpen's Hundred,2,1831 -1832 Sutpen's Hundred
28,1910 Harvard - Shreve,1,1910 Harvard - Shreve
29,1834 MS Hunt,7,1834 MS Hunt
30,1834 MS Hunt,7,1834 MS Hunt
31,1831 -1832 Sutpen's Hundred,3,1831 -1832 Sutpen's Hundred
32,1831 -1832 Sutpen's Hundred,3,1831 -1832 Sutpen's Hundred
34,1831 -1832 Sutpen's Hundred,2,1831 -1832 Sutpen's Hundred
35,1831 -1832 Sutpen's Hundred,2,1831 -1832 Sutpen's Hundred
38,1831 -1832 Sutpen's Hundred,2,1831 -1832 Sutpen's Hundred
48,1861 Wash on road during war,9,1861 - 1869 Wash
49,1861 Wash on road during war,9,1861 - 1869 Wash
52,1869 Wash's Cabin birth scene,4,1861 - 1869 Wash
53,1869 Wash's Cabin birth scene,4,1861 - 1869 Wash
